[
  {
    "id": 1730422876955,
    "name": "Boné",
    "category": "Roupas",
    "quantity": 10,
    "price": 25,
    "nome": "Televisão",
    "Categoria0": "Eletrônicos",
    "quantidade": 90,
    "preço": 5000
  },
  {
    "id": 1730422889584,
    "name": "calça Cargo",
    "category": "Roupas",
    "quantity": 50,
    "price": 120
  },
  {
    "id": 1730738106874,
    "name": "Mesa",
    "category": "Móveis",
    "quantity": 25,
    "price": 650
  },
  {
    "id": 1730894741663
  },
  {
    "id": 123456,
    "name": "Carrinho",
    "category": "Brinquedo",
    "quantity": 20,
    "price": 780
  }
]